,age_range,outcome,involved_person,self_defined_ethnicity,gender,legislation,outcome_linked_to_object_of_search,datetime,removal_of_more_than_outer_clothing,operation,officer_defined_ethnicity,type,operation_name,object_of_search,outcome_object.id,outcome_object.name,location.latitude,location.street.id,location.street.name,location.longitude
0,18-24,A no further action disposal,True,Asian/Asian British - Any other Asian background,Male,Police and Criminal Evidence Act 1984 (section 1),,2021-12-24T00:00:00+00:00,False,,Asian,Person search,,Offensive weapons,bu-no-further-action,A no further action disposal,51.266889,1312499,On or near Station Approach,-2.196974
1,25-34,A no further action disposal,True,White - English/Welsh/Scottish/Northern Irish/British,Male,Misuse of Drugs Act 1971 (section 23),,2021-12-24T00:00:00+00:00,False,,White,Person search,,Controlled drugs,bu-no-further-action,A no further action disposal,51.202327,1311908,On or near Chantry Close,-1.777109
2,18-24,A no further action disposal,True,White - English/Welsh/Scottish/Northern Irish/British,Female,Misuse of Drugs Act 1971 (section 23),,2021-12-25T00:00:00+00:00,False,,White,Person and Vehicle search,,Controlled drugs,bu-no-further-action,A no further action disposal,51.401792,1314685,On or near Kingsdown Grove,-2.276805
3,18-24,A no further action disposal,True,Black/African/Caribbean/Black British - African,Male,Misuse of Drugs Act 1971 (section 23),,2021-12-25T00:00:00+00:00,False,,Black,Person and Vehicle search,,Controlled drugs,bu-no-further-action,A no further action disposal,51.401792,1314685,On or near Kingsdown Grove,-2.276805
4,18-24,A no further action disposal,True,White - English/Welsh/Scottish/Northern Irish/British,Other,Misuse of Drugs Act 1971 (section 23),,2021-12-25T00:00:00+00:00,False,,White,Person and Vehicle search,,Controlled drugs,bu-no-further-action,A no further action disposal,51.401792,1314685,On or near Kingsdown Grove,-2.276805
5,18-24,A no further action disposal,True,White - English/Welsh/Scottish/Northern Irish/British,Male,Misuse of Drugs Act 1971 (section 23),,2021-12-25T00:00:00+00:00,False,,White,Person and Vehicle search,,Controlled drugs,bu-no-further-action,A no further action disposal,51.401792,1314685,On or near Kingsdown Grove,-2.276805
6,18-24,A no further action disposal,True,Other ethnic group - Not stated,Male,Misuse of Drugs Act 1971 (section 23),,2021-12-26T00:00:00+00:00,False,,White,Person and Vehicle search,,Controlled drugs,bu-no-further-action,A no further action disposal,51.313622,1313176,On or near Cherry Gardens,-2.205984
7,18-24,A no further action disposal,True,White - English/Welsh/Scottish/Northern Irish/British,Male,Misuse of Drugs Act 1971 (section 23),,2021-12-26T00:00:00+00:00,False,,White,Person and Vehicle search,,Controlled drugs,bu-no-further-action,A no further action disposal,51.313357,1313155,On or near Carders Corner,-2.203185
8,10-17,A no further action disposal,True,White - English/Welsh/Scottish/Northern Irish/British,Male,Misuse of Drugs Act 1971 (section 23),,2021-12-26T00:00:00+00:00,False,,White,Person and Vehicle search,,Controlled drugs,bu-no-further-action,A no further action disposal,51.313357,1313155,On or near Carders Corner,-2.203185
9,10-17,A no further action disposal,True,White - English/Welsh/Scottish/Northern Irish/British,Male,Police and Criminal Evidence Act 1984 (section 1),,2021-12-26T00:00:00+00:00,False,,White,Person search,,Stolen goods,bu-no-further-action,A no further action disposal,51.594794,1319029,On or near Hilmarton Avenue,-1.781937
10,over 34,A no further action disposal,True,White - English/Welsh/Scottish/Northern Irish/British,Male,Police and Criminal Evidence Act 1984 (section 1),,2021-12-26T00:00:00+00:00,False,,White,Person search,,Offensive weapons,bu-no-further-action,A no further action disposal,51.561954,1317910,On or near Shopping Area,-1.785196
11,over 34,A no further action disposal,True,Black/African/Caribbean/Black British - African,Male,Misuse of Drugs Act 1971 (section 23),,2021-12-26T00:00:00+00:00,False,,Black,Person search,,Controlled drugs,bu-no-further-action,A no further action disposal,51.562990,1317952,On or near A4259,-1.771515
12,25-34,A no further action disposal,True,Mixed/Multiple ethnic groups - White and Asian,Male,Police and Criminal Evidence Act 1984 (section 1),,2021-12-26T00:00:00+00:00,False,,Other,Person search,,Article for use in theft,bu-no-further-action,A no further action disposal,51.562990,1317952,On or near A4259,-1.771515
13,over 34,A no further action disposal,True,White - English/Welsh/Scottish/Northern Irish/British,Male,Police and Criminal Evidence Act 1984 (section 1),,2021-12-27T00:00:00+00:00,False,,White,Person search,,Evidence of offences under the Act,bu-no-further-action,A no further action disposal,51.596766,1319164,On or near Hargreaves Road,-1.773843
14,25-34,A no further action disposal,True,White - English/Welsh/Scottish/Northern Irish/British,Male,Police and Criminal Evidence Act 1984 (section 1),,2021-12-28T00:00:00+00:00,False,,White,Person and Vehicle search,,Stolen goods,bu-no-further-action,A no further action disposal,51.215935,782588,On or near Caxton Close,-1.507390
15,25-34,A no further action disposal,True,Other ethnic group - Not stated,Male,Police and Criminal Evidence Act 1984 (section 1),,2021-12-28T00:00:00+00:00,False,,White,Person and Vehicle search,,Stolen goods,bu-no-further-action,A no further action disposal,51.215935,782588,On or near Caxton Close,-1.507390
16,10-17,A no further action disposal,True,Other ethnic group - Not stated,Male,Police and Criminal Evidence Act 1984 (section 1),,2021-12-28T00:00:00+00:00,False,,White,Person search,,Offensive weapons,bu-no-further-action,A no further action disposal,51.551881,1317167,On or near The Shearings,-1.778566
17,10-17,A no further action disposal,True,White - English/Welsh/Scottish/Northern Irish/British,Male,Police and Criminal Evidence Act 1984 (section 1),,2021-12-28T00:00:00+00:00,False,,White,Person search,,Offensive weapons,bu-no-further-action,A no further action disposal,51.551881,1317167,On or near The Shearings,-1.778566
18,10-17,A no further action disposal,True,White - English/Welsh/Scottish/Northern Irish/British,Male,Police and Criminal Evidence Act 1984 (section 1),,2021-12-28T00:00:00+00:00,False,,White,Person search,,Offensive weapons,bu-no-further-action,A no further action disposal,51.551881,1317167,On or near The Shearings,-1.778566
19,10-17,A no further action disposal,True,Other ethnic group - Not stated,Male,Misuse of Drugs Act 1971 (section 23),,2021-12-29T00:00:00+00:00,False,,White,Person and Vehicle search,,Controlled drugs,bu-no-further-action,A no further action disposal,51.209650,761147,On or near Bulford Road,-1.668534
20,10-17,A no further action disposal,True,White - English/Welsh/Scottish/Northern Irish/British,Male,Police and Criminal Evidence Act 1984 (section 1),,2021-12-29T00:00:00+00:00,False,,White,Person search,,Offensive weapons,bu-no-further-action,A no further action disposal,51.548477,1317230,On or near Quarry Mews,-1.780486
21,18-24,A no further action disposal,True,White - English/Welsh/Scottish/Northern Irish/British,Male,Police and Criminal Evidence Act 1984 (section 1),,2021-12-29T00:00:00+00:00,False,,White,Person search,,Offensive weapons,bu-no-further-action,A no further action disposal,51.548477,1317230,On or near Quarry Mews,-1.780486
22,18-24,A no further action disposal,True,White - English/Welsh/Scottish/Northern Irish/British,Male,Police and Criminal Evidence Act 1984 (section 1),,2021-12-29T00:00:00+00:00,False,,White,Person search,,Offensive weapons,bu-no-further-action,A no further action disposal,51.548477,1317230,On or near Quarry Mews,-1.780486
23,10-17,Community resolution,True,White - English/Welsh/Scottish/Northern Irish/British,Male,Police and Criminal Evidence Act 1984 (section 1),True,2021-12-30T00:00:00+00:00,False,,White,Person search,,Offensive weapons,bu-community-resolution,Community resolution,51.571050,1318092,On or near Parking Area,-1.755805
24,18-24,A no further action disposal,True,Other ethnic group - Not stated,Male,Police and Criminal Evidence Act 1984 (section 1),,2021-12-30T00:00:00+00:00,False,,White,Person search,,Offensive weapons,bu-no-further-action,A no further action disposal,51.559505,1317120,On or near Farnsby Street,-1.787890
25,18-24,A no further action disposal,True,White - English/Welsh/Scottish/Northern Irish/British,Male,Police and Criminal Evidence Act 1984 (section 1),,2021-12-30T00:00:00+00:00,False,,White,Person search,,Offensive weapons,bu-no-further-action,A no further action disposal,51.559505,1317120,On or near Farnsby Street,-1.787890
26,10-17,A no further action disposal,True,White - English/Welsh/Scottish/Northern Irish/British,Male,Police and Criminal Evidence Act 1984 (section 1),,2021-12-30T00:00:00+00:00,False,,White,Person search,,Offensive weapons,bu-no-further-action,A no further action disposal,51.560161,1317876,On or near Pedestrian Subway,-1.787844
27,10-17,A no further action disposal,True,Other ethnic group - Not stated,Male,Police and Criminal Evidence Act 1984 (section 1),,2021-12-30T00:00:00+00:00,False,,White,Person search,,Offensive weapons,bu-no-further-action,A no further action disposal,51.560161,1317876,On or near Pedestrian Subway,-1.787844
28,10-17,A no further action disposal,True,White - English/Welsh/Scottish/Northern Irish/British,Female,Police and Criminal Evidence Act 1984 (section 1),,2021-12-30T00:00:00+00:00,False,,White,Person search,,Stolen goods,bu-no-further-action,A no further action disposal,51.208885,1312019,On or near Beechgrove,-2.178718
29,10-17,A no further action disposal,True,White - English/Welsh/Scottish/Northern Irish/British,Male,Police and Criminal Evidence Act 1984 (section 1),,2021-12-30T00:00:00+00:00,False,,White,Person search,,Stolen goods,bu-no-further-action,A no further action disposal,51.208885,1312019,On or near Beechgrove,-2.178718
30,10-17,A no further action disposal,True,White - English/Welsh/Scottish/Northern Irish/British,Male,Misuse of Drugs Act 1971 (section 23),,2021-12-31T00:00:00+00:00,False,,White,Person search,,Controlled drugs,bu-no-further-action,A no further action disposal,51.456097,1315864,On or near Field View,-2.121092
31,10-17,A no further action disposal,True,Other ethnic group - Not stated,Female,Misuse of Drugs Act 1971 (section 23),,2021-12-04T00:00:00+00:00,False,,Other,Person search,,Controlled drugs,bu-no-further-action,A no further action disposal,51.560161,1317876,On or near Pedestrian Subway,-1.787844
32,over 34,A no further action disposal,True,Black/African/Caribbean/Black British - African,Male,Police and Criminal Evidence Act 1984 (section 1),,2021-12-01T00:00:00+00:00,False,,Black,Person search,,Stolen goods,bu-no-further-action,A no further action disposal,51.353403,1314079,On or near Northgate Street,-1.997395
33,25-34,A no further action disposal,True,Black/African/Caribbean/Black British - Any other Black/African/Caribbean background,Male,Misuse of Drugs Act 1971 (section 23),,2021-12-01T00:00:00+00:00,False,,Black,Person search,,Controlled drugs,bu-no-further-action,A no further action disposal,51.552542,1316843,On or near Priory Road,-1.749659
34,over 34,A no further action disposal,True,Black/African/Caribbean/Black British - Caribbean,Male,Misuse of Drugs Act 1971 (section 23),,2021-12-01T00:00:00+00:00,True,,Black,Person and Vehicle search,,Controlled drugs,bu-no-further-action,A no further action disposal,51.559511,1317288,On or near Parking Area,-1.830386
35,10-17,A no further action disposal,True,White - English/Welsh/Scottish/Northern Irish/British,Male,Misuse of Drugs Act 1971 (section 23),,2021-12-01T00:00:00+00:00,False,,White,Person search,,Controlled drugs,bu-no-further-action,A no further action disposal,51.351524,1314075,On or near St John'S Street,-1.995054
36,25-34,Caution (simple or conditional),True,White - English/Welsh/Scottish/Northern Irish/British,Male,Misuse of Drugs Act 1971 (section 23),True,2021-12-01T00:00:00+00:00,False,,White,Person and Vehicle search,,Controlled drugs,bu-caution,Caution (simple or conditional),51.410838,1314713,On or near Peacock,-1.813956
37,10-17,A no further action disposal,True,White - English/Welsh/Scottish/Northern Irish/British,Male,Police and Criminal Evidence Act 1984 (section 1),,2021-12-02T00:00:00+00:00,False,,White,Person search,,Evidence of offences under the Act,bu-no-further-action,A no further action disposal,51.353007,1314107,On or near A361,-1.992239
38,10-17,A no further action disposal,True,White - English/Welsh/Scottish/Northern Irish/British,Male,Police and Criminal Evidence Act 1984 (section 1),,2021-12-02T00:00:00+00:00,False,,White,Person search,,Evidence of offences under the Act,bu-no-further-action,A no further action disposal,51.353403,1314079,On or near Northgate Street,-1.997395
39,over 34,A no further action disposal,True,White - English/Welsh/Scottish/Northern Irish/British,Male,Misuse of Drugs Act 1971 (section 23),,2021-12-02T00:00:00+00:00,False,,White,Person search,,Controlled drugs,bu-no-further-action,A no further action disposal,51.547567,1316939,On or near Farnborough Road,-1.748547
40,10-17,A no further action disposal,True,White - English/Welsh/Scottish/Northern Irish/British,Male,Police and Criminal Evidence Act 1984 (section 1),,2021-12-03T00:00:00+00:00,False,,White,Person search,,Offensive weapons,bu-no-further-action,A no further action disposal,51.068597,1310423,On or near Silver Street,-1.796761
41,10-17,A no further action disposal,True,Other ethnic group - Not stated,Female,Misuse of Drugs Act 1971 (section 23),,2021-12-04T00:00:00+00:00,False,,Other,Person and Vehicle search,,Controlled drugs,bu-no-further-action,A no further action disposal,51.395454,1309531,On or near Prospect Place,-2.291427
42,18-24,A no further action disposal,True,Mixed/Multiple ethnic groups - White and Asian,Female,Misuse of Drugs Act 1971 (section 23),,2021-12-04T00:00:00+00:00,False,,Asian,Person and Vehicle search,,Controlled drugs,bu-no-further-action,A no further action disposal,51.395454,1309531,On or near Prospect Place,-2.291427
43,18-24,A no further action disposal,True,White - English/Welsh/Scottish/Northern Irish/British,Male,Misuse of Drugs Act 1971 (section 23),,2021-12-04T00:00:00+00:00,False,,White,Person and Vehicle search,,Controlled drugs,bu-no-further-action,A no further action disposal,51.395454,1309531,On or near Prospect Place,-2.291427
44,18-24,Community resolution,True,White - English/Welsh/Scottish/Northern Irish/British,Male,Misuse of Drugs Act 1971 (section 23),True,2021-12-04T00:00:00+00:00,False,,White,Person and Vehicle search,,Controlled drugs,bu-community-resolution,Community resolution,51.550472,1316982,On or near Newport Street,-1.775183
45,18-24,A no further action disposal,True,White - English/Welsh/Scottish/Northern Irish/British,Female,Misuse of Drugs Act 1971 (section 23),,2021-12-04T00:00:00+00:00,False,,White,Person and Vehicle search,,Controlled drugs,bu-no-further-action,A no further action disposal,51.550472,1316982,On or near Newport Street,-1.775183
46,18-24,A no further action disposal,True,White - English/Welsh/Scottish/Northern Irish/British,Female,Misuse of Drugs Act 1971 (section 23),,2021-12-04T00:00:00+00:00,False,,White,Person and Vehicle search,,Controlled drugs,bu-no-further-action,A no further action disposal,51.550472,1316982,On or near Newport Street,-1.775183
47,10-17,A no further action disposal,True,White - English/Welsh/Scottish/Northern Irish/British,Male,Misuse of Drugs Act 1971 (section 23),,2021-12-04T00:00:00+00:00,False,,White,Person search,,Controlled drugs,bu-no-further-action,A no further action disposal,51.560161,1317876,On or near Pedestrian Subway,-1.787844
48,25-34,A no further action disposal,True,White - English/Welsh/Scottish/Northern Irish/British,Male,Misuse of Drugs Act 1971 (section 23),,2021-12-04T00:00:00+00:00,False,,White,Person search,,Controlled drugs,bu-no-further-action,A no further action disposal,51.561807,1317889,On or near Catherine Street,-1.788183
49,18-24,A no further action disposal,True,White - English/Welsh/Scottish/Northern Irish/British,Male,Misuse of Drugs Act 1971 (section 23),,2021-12-04T00:00:00+00:00,False,,White,Person search,,Controlled drugs,bu-no-further-action,A no further action disposal,51.603536,1319339,On or near Ashleworth Road,-1.803944
50,over 34,A no further action disposal,True,White - English/Welsh/Scottish/Northern Irish/British,Male,Misuse of Drugs Act 1971 (section 23),,2021-12-05T00:00:00+00:00,False,,White,Person search,,Controlled drugs,bu-no-further-action,A no further action disposal,51.446646,1315390,On or near St Dunstan Close,-2.008455
51,18-24,A no further action disposal,True,White - English/Welsh/Scottish/Northern Irish/British,Male,Misuse of Drugs Act 1971 (section 23),,2021-12-05T00:00:00+00:00,False,,White,Person and Vehicle search,,Controlled drugs,bu-no-further-action,A no further action disposal,51.587615,1318746,On or near Gloucester Road,-2.101436
52,10-17,A no further action disposal,True,White - English/Welsh/Scottish/Northern Irish/British,Male,Misuse of Drugs Act 1971 (section 23),,2021-12-05T00:00:00+00:00,False,,White,Person search,,Controlled drugs,bu-no-further-action,A no further action disposal,51.065630,1310489,On or near Green'S Court,-1.791794
53,10-17,A no further action disposal,True,White - English/Welsh/Scottish/Northern Irish/British,Male,Misuse of Drugs Act 1971 (section 23),,2021-12-05T00:00:00+00:00,False,,White,Person search,,Controlled drugs,bu-no-further-action,A no further action disposal,51.065630,1310489,On or near Green'S Court,-1.791794
54,25-34,A no further action disposal,True,White - English/Welsh/Scottish/Northern Irish/British,Female,Misuse of Drugs Act 1971 (section 23),,2021-12-05T00:00:00+00:00,False,,White,Person and Vehicle search,,Controlled drugs,bu-no-further-action,A no further action disposal,51.324611,1313307,On or near York Buildings,-2.205129
55,over 34,A no further action disposal,True,White - English/Welsh/Scottish/Northern Irish/British,Male,Misuse of Drugs Act 1971 (section 23),,2021-12-05T00:00:00+00:00,False,,White,Person and Vehicle search,,Controlled drugs,bu-no-further-action,A no further action disposal,51.329081,1313294,On or near Sports/Recreation Area,-2.209871
56,10-17,A no further action disposal,True,White - English/Welsh/Scottish/Northern Irish/British,Male,Police and Criminal Evidence Act 1984 (section 1),,2021-12-06T00:00:00+00:00,False,,White,Person search,,Article for use in theft,bu-no-further-action,A no further action disposal,51.351739,1314189,On or near Southbroom Road,-1.989468
57,10-17,A no further action disposal,True,White - English/Welsh/Scottish/Northern Irish/British,Male,Misuse of Drugs Act 1971 (section 23),,2021-12-06T00:00:00+00:00,False,,White,Person search,,Article for use in theft,bu-no-further-action,A no further action disposal,51.351739,1314189,On or near Southbroom Road,-1.989468
58,10-17,A no further action disposal,True,White - English/Welsh/Scottish/Northern Irish/British,Male,Police and Criminal Evidence Act 1984 (section 1),,2021-12-06T00:00:00+00:00,False,,Other,Person search,,Article for use in theft,bu-no-further-action,A no further action disposal,51.351739,1314189,On or near Southbroom Road,-1.989468
59,over 34,A no further action disposal,True,White - English/Welsh/Scottish/Northern Irish/British,Male,Police and Criminal Evidence Act 1984 (section 1),,2021-12-06T00:00:00+00:00,False,,White,Person search,,Stolen goods,bu-no-further-action,A no further action disposal,51.559463,1317156,On or near Parking Area,-1.784847
60,25-34,A no further action disposal,True,White - English/Welsh/Scottish/Northern Irish/British,Male,Misuse of Drugs Act 1971 (section 23),,2021-12-06T00:00:00+00:00,True,,White,Person search,,Controlled drugs,bu-no-further-action,A no further action disposal,51.549131,1317409,On or near Uxbridge Road,-1.840736
61,over 34,A no further action disposal,True,Other ethnic group - Not stated,Male,Police and Criminal Evidence Act 1984 (section 1),,2021-12-06T00:00:00+00:00,False,,White,Person and Vehicle search,,Article for use in theft,bu-no-further-action,A no further action disposal,51.172396,1311440,On or near Springhead,-2.139126
62,25-34,A no further action disposal,True,White - English/Welsh/Scottish/Northern Irish/British,Male,Misuse of Drugs Act 1971 (section 23),,2021-12-08T00:00:00+00:00,False,,White,Person and Vehicle search,,Controlled drugs,bu-no-further-action,A no further action disposal,51.259824,1312542,On or near Westbourne Road,-2.184476
63,18-24,A no further action disposal,True,Black/African/Caribbean/Black British - African,Male,Misuse of Drugs Act 1971 (section 23),,2021-12-08T00:00:00+00:00,False,,Black,Person and Vehicle search,,Controlled drugs,bu-no-further-action,A no further action disposal,51.259824,1312542,On or near Westbourne Road,-2.184476
64,25-34,A no further action disposal,True,White - English/Welsh/Scottish/Northern Irish/British,Male,Misuse of Drugs Act 1971 (section 23),,2021-12-08T00:00:00+00:00,False,,White,Person and Vehicle search,,Controlled drugs,bu-no-further-action,A no further action disposal,51.259824,1312542,On or near Westbourne Road,-2.184476
65,18-24,A no further action disposal,True,Black/African/Caribbean/Black British - African,Male,Misuse of Drugs Act 1971 (section 23),,2021-12-08T00:00:00+00:00,False,,Black,Person and Vehicle search,,Controlled drugs,bu-no-further-action,A no further action disposal,51.259824,1312542,On or near Westbourne Road,-2.184476
66,10-17,A no further action disposal,True,White - English/Welsh/Scottish/Northern Irish/British,Male,Misuse of Drugs Act 1971 (section 23),,2021-12-08T00:00:00+00:00,False,,White,Person search,,Controlled drugs,bu-no-further-action,A no further action disposal,51.318437,1313038,On or near Sports/Recreation Area,-2.187237
67,25-34,A no further action disposal,True,White - English/Welsh/Scottish/Northern Irish/British,Male,Misuse of Drugs Act 1971 (section 23),,2021-12-08T00:00:00+00:00,False,,White,Person and Vehicle search,,Controlled drugs,bu-no-further-action,A no further action disposal,51.036086,1310131,On or near Thorne Close,-1.846791
68,18-24,A no further action disposal,True,White - English/Welsh/Scottish/Northern Irish/British,Male,Misuse of Drugs Act 1971 (section 23),,2021-12-08T00:00:00+00:00,False,,White,Person and Vehicle search,,Controlled drugs,bu-no-further-action,A no further action disposal,51.038349,1310133,On or near Marsh Lane,-1.844473
69,18-24,A no further action disposal,True,White - English/Welsh/Scottish/Northern Irish/British,Male,Misuse of Drugs Act 1971 (section 23),,2021-12-08T00:00:00+00:00,False,,Other,Person and Vehicle search,,Controlled drugs,bu-no-further-action,A no further action disposal,51.560429,1317782,On or near Ashworth Road,-1.813029
70,18-24,A no further action disposal,True,White - English/Welsh/Scottish/Northern Irish/British,Male,Misuse of Drugs Act 1971 (section 23),,2021-12-08T00:00:00+00:00,False,,White,Person and Vehicle search,,Controlled drugs,bu-no-further-action,A no further action disposal,51.560429,1317782,On or near Ashworth Road,-1.813029
71,10-17,A no further action disposal,True,White - Any other White background,Male,Misuse of Drugs Act 1971 (section 23),,2021-12-08T00:00:00+00:00,False,,Black,Person search,,Controlled drugs,bu-no-further-action,A no further action disposal,51.563110,1317848,On or near Bridge Street,-1.787542
72,over 34,A no further action disposal,True,White - English/Welsh/Scottish/Northern Irish/British,Male,Misuse of Drugs Act 1971 (section 23),,2021-12-08T00:00:00+00:00,True,,White,Person and Vehicle search,,Controlled drugs,bu-no-further-action,A no further action disposal,51.376843,1314546,On or near Vines Court,-2.122635
73,over 34,A no further action disposal,True,White - English/Welsh/Scottish/Northern Irish/British,Male,Misuse of Drugs Act 1971 (section 23),,2021-12-08T00:00:00+00:00,False,,White,Person and Vehicle search,,Controlled drugs,bu-no-further-action,A no further action disposal,51.376843,1314546,On or near Vines Court,-2.122635
74,10-17,A no further action disposal,True,White - English/Welsh/Scottish/Northern Irish/British,Female,Misuse of Drugs Act 1971 (section 23),,2021-12-10T00:00:00+00:00,False,,White,Person search,,Controlled drugs,bu-no-further-action,A no further action disposal,51.567872,1317854,On or near Pedestrian Subway,-1.790954
75,10-17,A no further action disposal,True,White - English/Welsh/Scottish/Northern Irish/British,Female,Misuse of Drugs Act 1971 (section 23),,2021-12-10T00:00:00+00:00,False,,White,Person search,,Controlled drugs,bu-no-further-action,A no further action disposal,51.567872,1317854,On or near Pedestrian Subway,-1.790954
76,10-17,A no further action disposal,True,White - English/Welsh/Scottish/Northern Irish/British,Female,Misuse of Drugs Act 1971 (section 23),,2021-12-10T00:00:00+00:00,False,,White,Person search,,Controlled drugs,bu-no-further-action,A no further action disposal,51.567872,1317854,On or near Pedestrian Subway,-1.790954
77,10-17,A no further action disposal,True,White - English/Welsh/Scottish/Northern Irish/British,Male,Misuse of Drugs Act 1971 (section 23),,2021-12-10T00:00:00+00:00,False,,White,Person search,,Controlled drugs,bu-no-further-action,A no further action disposal,51.567872,1317854,On or near Pedestrian Subway,-1.790954
78,10-17,A no further action disposal,True,White - English/Welsh/Scottish/Northern Irish/British,Female,Misuse of Drugs Act 1971 (section 23),,2021-12-10T00:00:00+00:00,False,,White,Person search,,Controlled drugs,bu-no-further-action,A no further action disposal,51.567872,1317854,On or near Pedestrian Subway,-1.790954
79,10-17,A no further action disposal,True,Other ethnic group - Not stated,Male,Misuse of Drugs Act 1971 (section 23),,2021-12-10T00:00:00+00:00,False,,White,Person search,,Controlled drugs,bu-no-further-action,A no further action disposal,51.567872,1317854,On or near Pedestrian Subway,-1.790954
80,over 34,A no further action disposal,True,White - English/Welsh/Scottish/Northern Irish/British,Male,Misuse of Drugs Act 1971 (section 23),,2021-12-10T00:00:00+00:00,False,,White,Person search,,Controlled drugs,bu-no-further-action,A no further action disposal,51.070374,1310456,On or near Theatre/Concert Hall,-1.799936
81,over 34,A no further action disposal,True,White - English/Welsh/Scottish/Northern Irish/British,Male,Misuse of Drugs Act 1971 (section 23),,2021-12-10T00:00:00+00:00,False,,White,Person search,,Controlled drugs,bu-no-further-action,A no further action disposal,51.070374,1310456,On or near Theatre/Concert Hall,-1.799936
82,18-24,Arrest,True,White - English/Welsh/Scottish/Northern Irish/British,Male,Misuse of Drugs Act 1971 (section 23),True,2021-12-10T00:00:00+00:00,False,,Asian,Person search,,Controlled drugs,bu-arrest,Arrest,51.569964,1317965,On or near Caulfield Road,-1.774626
83,18-24,Arrest,True,Asian/Asian British - Pakistani,Male,Misuse of Drugs Act 1971 (section 23),True,2021-12-10T00:00:00+00:00,False,,Asian,Person search,,Controlled drugs,bu-arrest,Arrest,51.569964,1317965,On or near Caulfield Road,-1.774626
84,18-24,Community resolution,True,Asian/Asian British - Any other Asian background,Female,Police and Criminal Evidence Act 1984 (section 1),True,2021-12-10T00:00:00+00:00,False,,Asian,Person search,,Stolen goods,bu-community-resolution,Community resolution,51.561954,1317910,On or near Shopping Area,-1.785196
85,10-17,Community resolution,True,White - English/Welsh/Scottish/Northern Irish/British,Female,Police and Criminal Evidence Act 1984 (section 1),True,2021-12-10T00:00:00+00:00,False,,White,Person search,,Stolen goods,bu-community-resolution,Community resolution,51.260221,1312574,On or near Supermarket,-2.183746
86,10-17,Community resolution,True,White - English/Welsh/Scottish/Northern Irish/British,Female,Police and Criminal Evidence Act 1984 (section 1),True,2021-12-10T00:00:00+00:00,False,,White,Person search,,Stolen goods,bu-community-resolution,Community resolution,51.260221,1312574,On or near Supermarket,-2.183746
87,25-34,A no further action disposal,True,White - English/Welsh/Scottish/Northern Irish/British,Female,Police and Criminal Evidence Act 1984 (section 1),,2021-12-10T00:00:00+00:00,False,,White,Person and Vehicle search,,Article for use in theft,bu-no-further-action,A no further action disposal,51.468661,1316104,On or near Bristol Road,-2.142057
88,over 34,A no further action disposal,True,Other ethnic group - Not stated,Male,Police and Criminal Evidence Act 1984 (section 1),,2021-12-10T00:00:00+00:00,False,,White,Person and Vehicle search,,Article for use in theft,bu-no-further-action,A no further action disposal,51.468661,1316104,On or near Bristol Road,-2.142057
89,over 34,A no further action disposal,True,Other ethnic group - Not stated,Male,Misuse of Drugs Act 1971 (section 23),,2021-12-11T00:00:00+00:00,False,,White,Person search,,Controlled drugs,bu-no-further-action,A no further action disposal,51.314222,1313181,On or near Ashleigh Grove,-2.212630
90,25-34,A no further action disposal,True,White - English/Welsh/Scottish/Northern Irish/British,Female,Misuse of Drugs Act 1971 (section 23),,2021-12-11T00:00:00+00:00,False,,White,Person search,,Controlled drugs,bu-no-further-action,A no further action disposal,51.574833,1318357,On or near Cricklade Road,-1.777271
91,over 34,A no further action disposal,True,Other ethnic group - Not stated,Male,Misuse of Drugs Act 1971 (section 23),,2021-12-11T00:00:00+00:00,False,,White,Person search,,Controlled drugs,bu-no-further-action,A no further action disposal,51.574833,1318357,On or near Cricklade Road,-1.777271
92,10-17,A no further action disposal,True,White - English/Welsh/Scottish/Northern Irish/British,Male,Police and Criminal Evidence Act 1984 (section 1),,2021-12-12T00:00:00+00:00,False,,White,Person search,,Offensive weapons,bu-no-further-action,A no further action disposal,51.458928,1315915,On or near Emery Lane,-2.113240
93,10-17,Arrest,True,White - English/Welsh/Scottish/Northern Irish/British,Male,Police and Criminal Evidence Act 1984 (section 1),True,2021-12-12T00:00:00+00:00,False,,White,Person search,,Offensive weapons,bu-arrest,Arrest,51.458928,1315915,On or near Emery Lane,-2.113240
94,10-17,A no further action disposal,True,White - English/Welsh/Scottish/Northern Irish/British,Male,Police and Criminal Evidence Act 1984 (section 1),,2021-12-12T00:00:00+00:00,False,,White,Person search,,Offensive weapons,bu-no-further-action,A no further action disposal,51.458928,1315915,On or near Emery Lane,-2.113240
95,10-17,A no further action disposal,True,White - English/Welsh/Scottish/Northern Irish/British,Male,Police and Criminal Evidence Act 1984 (section 1),,2021-12-12T00:00:00+00:00,False,,White,Person search,,Article for use in theft,bu-no-further-action,A no further action disposal,51.545882,1316695,On or near Pedestrian Subway,-1.746624
96,10-17,A no further action disposal,True,White - English/Welsh/Scottish/Northern Irish/British,Male,Police and Criminal Evidence Act 1984 (section 1),,2021-12-12T00:00:00+00:00,False,,White,Person search,,Article for use in theft,bu-no-further-action,A no further action disposal,51.545882,1316695,On or near Pedestrian Subway,-1.746624
97,over 34,A no further action disposal,True,Mixed/Multiple ethnic groups - Any other Mixed/Multiple ethnic background,Male,Misuse of Drugs Act 1971 (section 23),,2021-12-12T00:00:00+00:00,False,,Other,Person search,,Controlled drugs,bu-no-further-action,A no further action disposal,51.629619,1319487,On or near Swindon Street,-1.711846
98,18-24,A no further action disposal,True,White - English/Welsh/Scottish/Northern Irish/British,Male,Misuse of Drugs Act 1971 (section 23),,2021-12-13T00:00:00+00:00,False,,White,Person and Vehicle search,,Controlled drugs,bu-no-further-action,A no further action disposal,51.110602,1311289,On or near Sutton Close,-1.875986
99,18-24,A no further action disposal,True,White - English/Welsh/Scottish/Northern Irish/British,Male,Misuse of Drugs Act 1971 (section 23),,2021-12-13T00:00:00+00:00,False,,White,Person and Vehicle search,,Controlled drugs,bu-no-further-action,A no further action disposal,51.110602,1311289,On or near Sutton Close,-1.875986
100,18-24,A no further action disposal,True,White - English/Welsh/Scottish/Northern Irish/British,Female,Misuse of Drugs Act 1971 (section 23),,2021-12-13T00:00:00+00:00,False,,White,Person and Vehicle search,,Controlled drugs,bu-no-further-action,A no further action disposal,51.110602,1311289,On or near Sutton Close,-1.875986
101,over 34,A no further action disposal,True,White - English/Welsh/Scottish/Northern Irish/British,Male,Misuse of Drugs Act 1971 (section 23),,2021-12-13T00:00:00+00:00,False,,White,Person and Vehicle search,,Controlled drugs,bu-no-further-action,A no further action disposal,51.061562,1310511,On or near A338,-1.794894
102,10-17,A no further action disposal,True,White - English/Welsh/Scottish/Northern Irish/British,Male,Misuse of Drugs Act 1971 (section 23),,2021-12-13T00:00:00+00:00,False,,White,Person and Vehicle search,,Controlled drugs,bu-no-further-action,A no further action disposal,51.061562,1310511,On or near A338,-1.794894
103,over 34,A no further action disposal,True,White - English/Welsh/Scottish/Northern Irish/British,Female,Misuse of Drugs Act 1971 (section 23),,2021-12-13T00:00:00+00:00,False,,Other,Person and Vehicle search,,Controlled drugs,bu-no-further-action,A no further action disposal,51.061562,1310511,On or near A338,-1.794894
104,over 34,A no further action disposal,True,White - English/Welsh/Scottish/Northern Irish/British,Male,Misuse of Drugs Act 1971 (section 23),,2021-12-13T00:00:00+00:00,False,,White,Person search,,Controlled drugs,bu-no-further-action,A no further action disposal,51.060044,1310388,On or near Saxon Road,-1.806687
105,18-24,A no further action disposal,True,White - English/Welsh/Scottish/Northern Irish/British,Male,Misuse of Drugs Act 1971 (section 23),,2021-12-13T00:00:00+00:00,False,,White,Person search,,Controlled drugs,bu-no-further-action,A no further action disposal,51.060044,1310388,On or near Saxon Road,-1.806687
106,10-17,A no further action disposal,True,White - English/Welsh/Scottish/Northern Irish/British,Male,Misuse of Drugs Act 1971 (section 23),,2021-12-13T00:00:00+00:00,False,,White,Person search,,Controlled drugs,bu-no-further-action,A no further action disposal,51.060044,1310388,On or near Saxon Road,-1.806687
107,over 34,A no further action disposal,True,White - English/Welsh/Scottish/Northern Irish/British,Male,Misuse of Drugs Act 1971 (section 23),,2021-12-13T00:00:00+00:00,False,,White,Person search,,Controlled drugs,bu-no-further-action,A no further action disposal,51.060044,1310388,On or near Saxon Road,-1.806687
108,over 34,A no further action disposal,True,White - English/Welsh/Scottish/Northern Irish/British,Male,Misuse of Drugs Act 1971 (section 23),,2021-12-13T00:00:00+00:00,False,,White,Person search,,Controlled drugs,bu-no-further-action,A no further action disposal,51.060468,1310472,On or near St Nicholas' Road,-1.796497
109,25-34,A no further action disposal,True,White - English/Welsh/Scottish/Northern Irish/British,Female,Misuse of Drugs Act 1971 (section 23),,2021-12-13T00:00:00+00:00,False,,White,Person search,,Controlled drugs,bu-no-further-action,A no further action disposal,51.077047,1310729,On or near Theatre/Concert Hall,-1.800165
110,over 34,A no further action disposal,True,White - English/Welsh/Scottish/Northern Irish/British,Male,Misuse of Drugs Act 1971 (section 23),,2021-12-13T00:00:00+00:00,False,,White,Person and Vehicle search,,Controlled drugs,bu-no-further-action,A no further action disposal,51.077047,1310729,On or near Theatre/Concert Hall,-1.800165
111,18-24,Summons / charged by post,True,White - English/Welsh/Scottish/Northern Irish/British,Male,Misuse of Drugs Act 1971 (section 23),True,2021-12-14T00:00:00+00:00,False,,White,Person search,,Controlled drugs,bu-summons,Summons / charged by post,51.581079,1318417,On or near Sycamore Grove,-1.780387
112,18-24,Summons / charged by post,True,White - English/Welsh/Scottish/Northern Irish/British,Male,Misuse of Drugs Act 1971 (section 23),True,2021-12-14T00:00:00+00:00,False,,White,Person search,,Controlled drugs,bu-summons,Summons / charged by post,51.581079,1318417,On or near Sycamore Grove,-1.780387
113,25-34,A no further action disposal,True,White - English/Welsh/Scottish/Northern Irish/British,Male,Police and Criminal Evidence Act 1984 (section 1),,2021-12-14T00:00:00+00:00,False,,White,Person search,,Article for use in theft,bu-no-further-action,A no further action disposal,51.596192,1319040,On or near Amesbury Close,-1.784284
114,18-24,A no further action disposal,True,Other ethnic group - Not stated,Male,Police and Criminal Evidence Act 1984 (section 1),,2021-12-14T00:00:00+00:00,False,,Other,Person search,,Article for use in theft,bu-no-further-action,A no further action disposal,51.596192,1319040,On or near Amesbury Close,-1.784284
115,18-24,A no further action disposal,True,White - English/Welsh/Scottish/Northern Irish/British,Male,Police and Criminal Evidence Act 1984 (section 1),,2021-12-14T00:00:00+00:00,False,,White,Person search,,Article for use in theft,bu-no-further-action,A no further action disposal,51.596192,1319040,On or near Amesbury Close,-1.784284
116,10-17,A no further action disposal,True,White - English/Welsh/Scottish/Northern Irish/British,Male,Police and Criminal Evidence Act 1984 (section 1),,2021-12-15T00:00:00+00:00,False,,White,Person search,,Offensive weapons,bu-no-further-action,A no further action disposal,51.462493,1315787,On or near Union Road,-2.117481
117,over 34,A no further action disposal,True,Black/African/Caribbean/Black British - African,Male,Misuse of Drugs Act 1971 (section 23),,2021-12-15T00:00:00+00:00,False,,Other,Person search,,Controlled drugs,bu-no-further-action,A no further action disposal,51.564615,1317921,On or near Drake'S Way,-1.761509
118,10-17,A no further action disposal,True,White - Any other White background,Female,Misuse of Drugs Act 1971 (section 23),,2021-12-15T00:00:00+00:00,False,,White,Person search,,Controlled drugs,bu-no-further-action,A no further action disposal,51.574922,1318282,On or near Oxford Road,-1.741513
119,18-24,Arrest,True,White - English/Welsh/Scottish/Northern Irish/British,Male,Misuse of Drugs Act 1971 (section 23),True,2021-12-15T00:00:00+00:00,True,,White,Person search,,Controlled drugs,bu-arrest,Arrest,51.255879,1312450,On or near Levell Court,-1.621588
120,18-24,Arrest,True,White - English/Welsh/Scottish/Northern Irish/British,Male,Misuse of Drugs Act 1971 (section 23),True,2021-12-15T00:00:00+00:00,True,,White,Person search,,Controlled drugs,bu-arrest,Arrest,51.255879,1312450,On or near Levell Court,-1.621588
121,18-24,Arrest,True,White - English/Welsh/Scottish/Northern Irish/British,Male,Misuse of Drugs Act 1971 (section 23),True,2021-12-15T00:00:00+00:00,True,,White,Person search,,Controlled drugs,bu-arrest,Arrest,51.255879,1312450,On or near Levell Court,-1.621588
122,10-17,A no further action disposal,True,Other ethnic group - Not stated,Male,Police and Criminal Evidence Act 1984 (section 1),,2021-12-16T00:00:00+00:00,False,,White,Person search,,Stolen goods,bu-no-further-action,A no further action disposal,51.461156,1315894,On or near Parking Area,-2.115405
123,10-17,A no further action disposal,True,Other ethnic group - Not stated,Male,Police and Criminal Evidence Act 1984 (section 1),,2021-12-16T00:00:00+00:00,False,,Other,Person search,,Stolen goods,bu-no-further-action,A no further action disposal,51.461156,1315894,On or near Parking Area,-2.115405
124,25-34,A no further action disposal,True,White - English/Welsh/Scottish/Northern Irish/British,Male,Police and Criminal Evidence Act 1984 (section 1),,2021-12-16T00:00:00+00:00,False,,White,Person and Vehicle search,,Offensive weapons,bu-no-further-action,A no further action disposal,51.376620,1314497,On or near Further/Higher Educational Building,-2.144616
125,18-24,A no further action disposal,True,Black/African/Caribbean/Black British - African,Male,Misuse of Drugs Act 1971 (section 23),,2021-12-16T00:00:00+00:00,True,,Black,Person search,,Controlled drugs,bu-no-further-action,A no further action disposal,51.283170,1312769,On or near Prison,-2.042377
126,18-24,A no further action disposal,True,Other ethnic group - Not stated,Male,Misuse of Drugs Act 1971 (section 23),,2021-12-16T00:00:00+00:00,True,,White,Person search,,Controlled drugs,bu-no-further-action,A no further action disposal,51.283170,1312769,On or near Prison,-2.042377
127,10-17,A no further action disposal,True,White - English/Welsh/Scottish/Northern Irish/British,Male,Misuse of Drugs Act 1971 (section 23),,2021-12-16T00:00:00+00:00,False,,White,Person search,,Controlled drugs,bu-no-further-action,A no further action disposal,51.554349,1309383,On or near Merrivale Grove,-1.767102
128,10-17,A no further action disposal,True,White - English/Welsh/Scottish/Northern Irish/British,Male,Misuse of Drugs Act 1971 (section 23),,2021-12-16T00:00:00+00:00,False,,White,Person search,,Controlled drugs,bu-no-further-action,A no further action disposal,51.554349,1309383,On or near Merrivale Grove,-1.767102
129,18-24,A no further action disposal,True,White - English/Welsh/Scottish/Northern Irish/British,Female,Misuse of Drugs Act 1971 (section 23),,2021-12-16T00:00:00+00:00,True,,White,Person and Vehicle search,,Controlled drugs,bu-no-further-action,A no further action disposal,51.565139,1317959,On or near Graham Street,-1.776496
130,18-24,A no further action disposal,True,White - English/Welsh/Scottish/Northern Irish/British,Male,Police and Criminal Evidence Act 1984 (section 1),,2021-12-16T00:00:00+00:00,False,,White,Person and Vehicle search,,Stolen goods,bu-no-further-action,A no further action disposal,51.596192,1319040,On or near Amesbury Close,-1.784284
131,over 34,Arrest,True,White - English/Welsh/Scottish/Northern Irish/British,Male,Police and Criminal Evidence Act 1984 (section 1),True,2021-12-16T00:00:00+00:00,False,,White,Person search,,Stolen goods,bu-arrest,Arrest,51.558909,1317177,On or near Regent Street,-1.781979
132,25-34,Community resolution,True,White - English/Welsh/Scottish/Northern Irish/British,Female,Police and Criminal Evidence Act 1984 (section 1),True,2021-12-17T00:00:00+00:00,False,,White,Person search,,Stolen goods,bu-community-resolution,Community resolution,51.069265,1310457,On or near Shopping Area,-1.793333
133,over 34,A no further action disposal,True,White - English/Welsh/Scottish/Northern Irish/British,Male,Police and Criminal Evidence Act 1984 (section 1),,2021-12-17T00:00:00+00:00,False,,White,Person search,,Stolen goods,bu-no-further-action,A no further action disposal,51.557103,1317188,On or near Leighfield Close,-1.782204
134,18-24,A no further action disposal,True,White - English/Welsh/Scottish/Northern Irish/British,Male,Police and Criminal Evidence Act 1984 (section 1),,2021-12-18T00:00:00+00:00,False,,White,Person search,,Stolen goods,bu-no-further-action,A no further action disposal,51.319075,1313083,On or near Stallard Street,-2.213642
135,18-24,A no further action disposal,True,White - English/Welsh/Scottish/Northern Irish/British,Female,Police and Criminal Evidence Act 1984 (section 1),,2021-12-18T00:00:00+00:00,False,,White,Person search,,Stolen goods,bu-no-further-action,A no further action disposal,51.319075,1313083,On or near Stallard Street,-2.213642
136,18-24,A no further action disposal,True,White - English/Welsh/Scottish/Northern Irish/British,Female,Police and Criminal Evidence Act 1984 (section 1),,2021-12-18T00:00:00+00:00,False,,White,Person search,,Stolen goods,bu-no-further-action,A no further action disposal,51.319075,1313083,On or near Stallard Street,-2.213642
137,18-24,A no further action disposal,True,White - English/Welsh/Scottish/Northern Irish/British,Female,Police and Criminal Evidence Act 1984 (section 1),,2021-12-18T00:00:00+00:00,False,,White,Person search,,Stolen goods,bu-no-further-action,A no further action disposal,51.319075,1313083,On or near Stallard Street,-2.213642
138,25-34,A no further action disposal,True,White - English/Welsh/Scottish/Northern Irish/British,Male,Misuse of Drugs Act 1971 (section 23),,2021-12-18T00:00:00+00:00,False,,White,Person search,,Controlled drugs,bu-no-further-action,A no further action disposal,51.367433,1314361,On or near Lavender Close,-2.127450
139,25-34,A no further action disposal,True,Asian/Asian British - Any other Asian background,Male,Police and Criminal Evidence Act 1984 (section 1),,2021-12-18T00:00:00+00:00,False,,Asian,Person search,,Offensive weapons,bu-no-further-action,A no further action disposal,51.561544,1317882,On or near Queen Street,-1.786799
140,18-24,A no further action disposal,True,Other ethnic group - Not stated,Female,Police and Criminal Evidence Act 1984 (section 1),,2021-12-19T00:00:00+00:00,False,,White,Person search,,Offensive weapons,bu-no-further-action,A no further action disposal,51.373381,1314436,On or near Supermarket,-2.138730
141,over 34,Arrest,True,White - English/Welsh/Scottish/Northern Irish/British,Male,Police and Criminal Evidence Act 1984 (section 1),True,2021-12-19T00:00:00+00:00,False,,White,Person search,,Stolen goods,bu-arrest,Arrest,51.552615,1316852,On or near Knowsley Road,-1.754260
142,10-17,A no further action disposal,True,Other ethnic group - Not stated,Male,Police and Criminal Evidence Act 1984 (section 1),,2021-12-20T00:00:00+00:00,False,,White,Person search,,Offensive weapons,bu-no-further-action,A no further action disposal,51.587399,1319175,On or near Okus Grove,-1.775189
143,25-34,A no further action disposal,True,White - English/Welsh/Scottish/Northern Irish/British,Male,Misuse of Drugs Act 1971 (section 23),,2021-12-20T00:00:00+00:00,False,,White,Person and Vehicle search,,Controlled drugs,bu-no-further-action,A no further action disposal,51.309316,1313138,On or near Laurel Grove,-2.215404
144,18-24,A no further action disposal,True,White - English/Welsh/Scottish/Northern Irish/British,Male,Police and Criminal Evidence Act 1984 (section 1),,2021-12-21T00:00:00+00:00,False,,White,Person search,,Offensive weapons,bu-no-further-action,A no further action disposal,51.615806,1309317,On or near Park/Open Space,-1.812759
145,25-34,A no further action disposal,True,Black/African/Caribbean/Black British - Any other Black/African/Caribbean background,Male,Police and Criminal Evidence Act 1984 (section 1),,2021-12-21T00:00:00+00:00,False,,Black,Person search,,Stolen goods,bu-no-further-action,A no further action disposal,51.606165,1319391,On or near Tadpole Lane,-1.822733
146,10-17,A no further action disposal,True,White - English/Welsh/Scottish/Northern Irish/British,Male,Police and Criminal Evidence Act 1984 (section 1),,2021-12-21T00:00:00+00:00,False,,White,Person search,,Article for use in theft,bu-no-further-action,A no further action disposal,51.567254,1317938,On or near Sports/Recreation Area,-1.763891
147,over 34,A no further action disposal,True,White - English/Welsh/Scottish/Northern Irish/British,Male,Misuse of Drugs Act 1971 (section 23),,2021-12-22T00:00:00+00:00,False,,Other,Person and Vehicle search,,Controlled drugs,bu-no-further-action,A no further action disposal,51.321829,1313066,On or near A361,-2.202433
148,10-17,A no further action disposal,True,White - English/Welsh/Scottish/Northern Irish/British,Female,Police and Criminal Evidence Act 1984 (section 1),,2021-12-22T00:00:00+00:00,False,,White,Person search,,Stolen goods,bu-no-further-action,A no further action disposal,51.560184,1317896,On or near Supermarket,-1.785940
149,18-24,A no further action disposal,True,White - English/Welsh/Scottish/Northern Irish/British,Male,Misuse of Drugs Act 1971 (section 23),,2021-12-23T00:00:00+00:00,False,,White,Person search,,Controlled drugs,bu-no-further-action,A no further action disposal,51.517454,1316322,On or near Prior'S Hill,-1.789123
150,18-24,A no further action disposal,True,White - Any other White background,Female,Misuse of Drugs Act 1971 (section 23),,2021-12-23T00:00:00+00:00,False,,White,Person search,,Controlled drugs,bu-no-further-action,A no further action disposal,51.517454,1316322,On or near Prior'S Hill,-1.789123
151,18-24,A no further action disposal,True,White - English/Welsh/Scottish/Northern Irish/British,Male,Misuse of Drugs Act 1971 (section 23),,2021-12-23T00:00:00+00:00,False,,White,Person search,,Controlled drugs,bu-no-further-action,A no further action disposal,51.517454,1316322,On or near Prior'S Hill,-1.789123
152,18-24,A no further action disposal,True,White - English/Welsh/Scottish/Northern Irish/British,Female,Police and Criminal Evidence Act 1984 (section 1),,2021-12-23T00:00:00+00:00,False,,White,Person search,,Stolen goods,bu-no-further-action,A no further action disposal,51.584129,1318680,On or near High Street,-2.097849
153,18-24,A no further action disposal,True,White - English/Welsh/Scottish/Northern Irish/British,Female,Police and Criminal Evidence Act 1984 (section 1),,2021-12-23T00:00:00+00:00,False,,White,Person search,,Stolen goods,bu-no-further-action,A no further action disposal,51.584129,1318680,On or near High Street,-2.097849
154,18-24,A no further action disposal,True,Black/African/Caribbean/Black British - Caribbean,Male,Police and Criminal Evidence Act 1984 (section 1),,2021-12-23T00:00:00+00:00,False,,Black,Person search,,Offensive weapons,bu-no-further-action,A no further action disposal,51.551862,1309385,On or near Police Station,-1.723039
